{"_wandb":{"runtime":2},"_runtime":1.421643859,"_step":0,"Episode":1,"Reward":-70,"Loss":0,"_timestamp":1.7325393433668637e+09}