{"episode_reward":-1650,"steps":200,"epsilon":0.01,"loss":721.21240234375,"_wandb":{"runtime":402},"_timestamp":1.7323530180232654e+09,"_runtime":401.888509472,"_step":999}