{"steps":200,"epsilon":0.01,"loss":153.49688720703125,"_wandb":{"runtime":255},"_timestamp":1.7323521950408456e+09,"_runtime":254.872256052,"_step":999,"episode_reward":-1650}