{"_wandb":{"runtime":39},"Episode":5,"Reward":-236,"Loss":0.8452604775130749,"_timestamp":1.7325390910540488e+09,"_runtime":39.024519272,"_step":4}