{"Reward":-165.99999999999974,"Loss":0.3194541273017724,"_timestamp":1.732541931544304e+09,"_runtime":230.009661953,"Evaluation Reward":-199.99999999999957,"_wandb":{"runtime":232},"_step":12,"Episode":11}