{"Loss":1.0571591357141734,"_timestamp":1.7325392960724952e+09,"_runtime":99.720286049,"_step":10,"Episode":10,"Evaluation Reward":-150,"_wandb":{"runtime":99},"Reward":-80}