{"_wandb":{"runtime":42},"Episode":3,"Reward":73.0000000000008,"Loss":1.1428914507230123,"_timestamp":1.7325414383761263e+09,"_runtime":36.339995266,"_step":2}