{"Reward":-1110,"Loss":3.3594219398498537,"_timestamp":1.7325390406343627e+09,"_runtime":26.474610693,"_step":3,"_wandb":{"runtime":33},"Episode":4}