{"_step":999,"episode_reward":-1700,"steps":200,"epsilon":0.01,"loss":852.5586547851562,"_timestamp":1.7323525609367611e+09,"_runtime":302.306989673,"_wandb":{"runtime":302}}