{"loss":2.825662612915039,"_timestamp":1.732353270947692e+09,"_runtime":1.732266122,"_wandb":{"runtime":1},"_step":0,"episode_reward":716,"steps":84,"epsilon":0.9000874278732445}