{"_step":99,"_wandb":{"runtime":78},"episode_reward":-1750,"steps":200,"epsilon":0.01,"loss":727.815185546875,"_timestamp":1.732351923665595e+09,"_runtime":71.43093094}