{"_timestamp":1.73253834817872e+09,"_wandb":{"runtime":16},"_runtime":11.707693311,"_step":0,"Episode":1,"Reward":-1320,"Loss":0}