{"_step":4,"Episode":5,"Reward":-1330,"Loss":4.068505988121033,"_wandb":{"runtime":35},"_timestamp":1.7325390008989656e+09,"_runtime":34.888340973}