{"_runtime":21.959801636,"_step":1,"_wandb":{"runtime":23},"Episode":2,"Reward":-1300,"Loss":5.786690489886558,"_timestamp":1.7325382659125254e+09}