{"_wandb":{"runtime":68},"Episode":6,"Reward":-249,"Loss":1.0685239751636981,"_timestamp":1.7325391795986617e+09,"_runtime":59.105144917,"_step":6,"Evaluation Reward":-203}