{"Reward":-90,"Loss":2.8147624707221985,"_timestamp":1.732541018501212e+09,"_runtime":1661.741507501,"_step":193,"Episode":162,"Evaluation Reward":-110,"_wandb":{"runtime":1666}}