{"_step":1,"_wandb":{"runtime":25},"Episode":2,"Reward":-1230,"Loss":7.452285159124087,"_timestamp":1.7325383175252438e+09,"_runtime":22.004524167}