{"_runtime":597.372684585,"_step":680,"episode_reward":-100,"steps":200,"_wandb":{"runtime":597},"epsilon":0.01,"loss":0.3039553165435791,"_timestamp":1.7323538815529203e+09}