{"_runtime":105.726190968,"_step":5,"Evaluation Reward":-21.99999999999954,"_wandb":{"runtime":115},"Episode":5,"Reward":97.00000000000026,"Loss":0.989997007449468,"_timestamp":1.7325413069386063e+09}