{"_step":17,"Episode":15,"Reward":130.4,"Loss":0.5738052390515804,"Evaluation Reward":-178.99999999999966,"_wandb":{"runtime":248},"_timestamp":1.7325416809479864e+09,"_runtime":232.513272716}