{"_timestamp":1.7323486575895495e+09,"_runtime":176.288835589,"_step":0,"_wandb":{"runtime":176},"episode_rewards":[-130,-140,-120,-180,-220,-150,-210,-160,-200,-190,-160,-160,-110,-150,-120,-120,-130,-200,-90,-110,-130,-180,-150,-120,-80,-100,-180,-140,-210,-140,-130,39,-220,-150,-130,-190,-160,-170,-160,-150,-170,-160,-150,-160,-220,-150,-200,-140,-170,-210,-210,-170,-180,-160,-90,-110,-110,-140,-100,-230,-130,-230,-170,-110,-130,-100,36,-150,-190,-110,-100,-220,-110,-240,-130,-130,-170,-180,-100,-150,-150,-160,-150,-200,-190,-110,-140,-90,-160,-120,-150,-140,-160,-130,-110,-130,-120,-190,-100,-200,-160,-150,-170,-150,-100,-160,-180,-200,-130,-140,-140,-170,-200,-110,-150,-130,-110,-100,-150,-90,-110,-140,-120,-80,-80,-140,-150,13,-160,-120,-120,-140,-160,-220,-110,-110,-120,-100,-70,-140,-150,-160,-110,-160,-100,-110,-190,-130,-150,-80,-140,-170,-120,-170,-120,-210,-140,-200,-120,-200,-100,-110,-170,-170,-160,-70,-80,-130,-210,-80,-170,-180,-120,-160,-110,-190,-140,-190,-190,-150,-130,-180,-150,-170,-160,-150,-140,-130,-90,-140,-130,-160,-140,-120,-160,-150,-180,-250,-120,-130,-150,-180,-190,-180,-160,-210,-130,-130,-190,-90,-140,-160,-170,-130,-150,-150,-150,-160,-120,-100,-130,-190,-120,-130,-170,-170,-140,-110,-150,-140,-110,-140,-150,-220,-160,-160,-130,-110,-140,-110,-140,-190,-50,-110,-130,-120,-150,-130,-130,-170,-130,-150,-160,-160,-130,-170,-90,-170,-80,-130,-170,-220,-230,-140,-150,-230,-90,-210,-180,-110,-170,-180,-140,-120,-150,-210,-190,-130,-140,-170,-120,-100,-110,-170,-150,-180,-160,-170,-150,-150,-90,-130,-120,-150,-160,-130,-140,-130,-160,-100,-160,-190,-160,-70,-150,-150,-140,-150,-150,-170,-180,-120,-150,-170,-210,-160,-170,-70,-120,-170,-70,-100,-150,-90,-170,-110,-140,-120,-140,-190,-150,-130,-170,-90,-170,-150,-190,-120,-150,-180,-120,-160,-160,-170,-120,-150,-110,-90,-190,-170,-120,-170,-100,-150,-130,-120,-70,-150,-150,-190,-180,-200,-100,-170,-180,-210,-130,-110,-130,-160,-80,-140,-140,-140,-200,-140,-120,-150,-170,-130,-180,-110,-110,-190,-170,-130,-90,-140,-150,-100,-140,-170,-150,-150,-150,-80,-130,-130,-140,-140,-160,-140,-150,-130,-110,-160,-100,-90,-120,-170,-120,-140,-180,-130,-120,-140,-170,-150,-170,-150,-140,-120,-130,-170,-90,-210,-170,-90,-120,-180,-150,-160,-160,-210,-110,-130,-200,-170,-170,-160,-230,-140,-150,-100,-160,-160,-150,-150,-170,-160,-100,-110,-140,-130,-110,-130,-120,-160,-160,-180,-150,-140,-100,-100,-100,-140,-140,-170,-120,-130,-170,-200,-130,-120,-150,-190,-180,-140,-130,-120,-140,-130,-160,-160,-130,-190,-130,-70,-170,-140,-170,-110,-210,-190,-130,-100,-110,-110,-170,-130,-160,-210,-140,-160,-120,-120,-190,-150,-180,-140,-100,-160,-120,-140,-110,-120,-120,-190,-120,-180,-170,-160,-140,-100,-150,-160,-180,-120,-180,-200,-160,-150,-210,-150,-170,-100,-180,-180,-120,-150,-90,-170,-170,-150,-100,-120,-130,-50,-190,-140,-120,-80,-110,-160,-100,-140,-180,-200,-160,-140,-150,-170,-120,-180,-180,-180,-220,-110,-140,-120,-160,-110,-120,-140,-150,-180,-140,-190,-130,-200,-180,-220,-160,-130,-190,-210,-140,-140,-90,-150,-140,-150,-140,-190,-200,-170,-170,-190,-150,-150,-200,-130,-130,-60,-140,-170,-160,-180,-180,-140,-130,-210,-200,-120,-190,-140,-160,-160,-130,-140,-200,-210,-200,-190,-180,-150,-210,-200,-100,-150,-150,-200,-170,-140,-150,-160,-160,-130,-140,-130,-170,-130,-150,-90,-160,-160,-190,-160,-110,-120,-180,-160,-100,-90,-90,-120,-130,-150,-90,-150,-140,-130,-140,-190,-140,-190,-160,-190,-170,-140,-100,-150,-130,-140,-190,-170,-120,-180,-120,-150,-120,-160,-150,-190,-150,-150,-150,-170,-150,-130,-140,-170,-120,-180,-130,-100,-150,-110,-90,-110,-110,-190,-160,-150,-140,-140,-100,-170,-150,-160,-150,-150,-180,-180,-170,-130,-140,-120,-160,-170,-170,-140,-130,-130,-180,-90,-170,-100,-120,56,-180,-100,-150,-120,-110,-220,-130,-170,-180,-130,-170,-190,-130,-140,-140,-160,-160,-180,-210,-150,-120,-160,-100,-150,-150,-160,-140,-190,-130,-180,-220,-120,-150,-160,-120,-110,-150,-180,-90,-170,-100,-220,-140,-150,-150,-90,-150,-160,-120,-90,-180,-110,-150,-130,-210,-140,-120,-90,-100,-100,-200,-130,-200,-150,-70,-170,-190,-170,-160,-140,-150,-80,-130,-130,-120,-200,-120,-130,-130,-130,-190,-190,-120,-130,-120,-150,-120,-150,-120,-160,-140,-120,-190,-130,-180,-150,-190,-110,-190,-170,-120,-160,-210,-140,-170,-100,-150,-90,-170,-200,-180,-150,-90,-170,-150,-160,-160,-220,-170,-140,-110,-160,-100,-140,-200,-200,-160,-140,-180,-210,-160,-190,-150,-170,-210,-120,-150,-160,-170,-180,-150,-120,-140,-210,-190,-160,-200,-180,-190,-220,-100,-120,-110,-200,-170,-170,-220,-210,-100,-160,-120,-150,-190,-170,-110,-140,-150,-160,-70,-180,-150,-150,-130,-190,-150,-110,-130,-120,-100,-200,-120,-150,-90,-130,-150,-190,-150,-130,-170,-100,-200,-150,-110,-140,-70,-150,-170,-130,-140,-80,-90,-150,-140,-150,-100,-170,-130,-140,-180,-180,-150,-160,-130,-130,-120,-160,-120,-160,-170,-120,-180,-200,-130,-160,-130,-100,-210,-140,-150,-120,-150,-190,-120,-170,-180,-170,-120,-180,-170,-110,-150,-100,-170,-170,-180,-140,-200,-160,-230,-130,-160,-190,-170,-140,-180,-150,-160,-130,-170,-150,-170,-80,-100,0,-170,-120,-180,-200,-170,-220]}